{
  "feet_ratio_min": 0.4134821597055335,
  "feet_ratio_max": 1.564659821058367,
  "knee_ratio_min": 0.6782825087970797,
  "knee_ratio_max": 1.8640124560918636
}